,Name,G (a.u.),∆G (kcal/mol),Boltzmann-298.15
0,-596.543426,-596.543426,0.0,0.9624
1,-596.540363,-596.540363,1.92,0.0376
