,Name,G (a.u.),∆G (kcal/mol),Boltzmann-298.15,Boltzmann-353.15
0,conf1,-75.190389,2.49,0.014,0.0255
1,conf2,-75.19154,1.77,0.0469,0.0712
2,conf3,-75.194356,0.0,0.9308,0.8866
3,conf4,-75.189907,2.79,0.0084,0.0167
